"Time","mean"
2023-01-01 00:00:00,0
2023-01-01 00:20:00,0
2023-01-01 00:40:00,0
2023-01-01 01:00:00,0
2023-01-01 01:20:00,0
2023-01-01 01:40:00,0
2023-01-01 02:00:00,0
2023-01-01 02:20:00,0
2023-01-01 02:40:00,0
2023-01-01 03:00:00,0
2023-01-01 03:20:00,0
2023-01-01 03:40:00,0
2023-01-01 04:00:00,0
2023-01-01 04:20:00,0
2023-01-01 04:40:00,0
2023-01-01 05:00:00,0
2023-01-01 05:20:00,0
2023-01-01 05:40:00,0
2023-01-01 06:00:00,0
2023-01-01 06:20:00,0
2023-01-01 06:40:00,0
2023-01-01 07:00:00,0
2023-01-01 07:20:00,0
2023-01-01 07:40:00,0
2023-01-01 08:00:00,0
2023-01-01 08:20:00,0
2023-01-01 08:40:00,712
2023-01-01 09:00:00,2148
2023-01-01 09:20:00,3620
2023-01-01 09:40:00,5160
2023-01-01 10:00:00,6661
2023-01-01 10:20:00,8543
2023-01-01 10:40:00,8968
2023-01-01 11:00:00,10400
2023-01-01 11:20:00,9426
2023-01-01 11:40:00,9206
2023-01-01 12:00:00,7382
2023-01-01 12:20:00,7087
2023-01-01 12:40:00,12576
2023-01-01 13:00:00,9343
2023-01-01 13:20:00,10681
2023-01-01 13:40:00,9782
2023-01-01 14:00:00,5158
2023-01-01 14:20:00,5357
2023-01-01 14:40:00,4187
2023-01-01 15:00:00,1976
2023-01-01 15:20:00,1723
2023-01-01 15:40:00,1944
2023-01-01 16:00:00,603
2023-01-01 16:20:00,30.9
2023-01-01 16:40:00,0
2023-01-01 17:00:00,0
2023-01-01 17:20:00,0
2023-01-01 17:40:00,0
2023-01-01 18:00:00,0
2023-01-01 18:20:00,0
2023-01-01 18:40:00,0
2023-01-01 19:00:00,0
2023-01-01 19:20:00,0
2023-01-01 19:40:00,0
2023-01-01 20:00:00,0
2023-01-01 20:20:00,0
2023-01-01 20:40:00,0
2023-01-01 21:00:00,0
2023-01-01 21:20:00,0
2023-01-01 21:40:00,0
2023-01-01 22:00:00,0
2023-01-01 22:20:00,0
2023-01-01 22:40:00,0
2023-01-01 23:00:00,0
2023-01-01 23:20:00,0
2023-01-01 23:40:00,0
2023-01-02 00:00:00,0
2023-01-02 00:20:00,0
2023-01-02 00:40:00,0
2023-01-02 01:00:00,0
2023-01-02 01:20:00,0
2023-01-02 01:40:00,0
2023-01-02 02:00:00,0
2023-01-02 02:20:00,0
2023-01-02 02:40:00,0
2023-01-02 03:00:00,0
2023-01-02 03:20:00,0
2023-01-02 03:40:00,0
2023-01-02 04:00:00,0
2023-01-02 04:20:00,0
2023-01-02 04:40:00,0
2023-01-02 05:00:00,0
2023-01-02 05:20:00,0
2023-01-02 05:40:00,0
2023-01-02 06:00:00,0
2023-01-02 06:20:00,0
2023-01-02 06:40:00,0
2023-01-02 07:00:00,0
2023-01-02 07:20:00,0
2023-01-02 07:40:00,0
2023-01-02 08:00:00,0
2023-01-02 08:20:00,0
2023-01-02 08:40:00,346
2023-01-02 09:00:00,1835
2023-01-02 09:20:00,2675
2023-01-02 09:40:00,5258
2023-01-02 10:00:00,5204
2023-01-02 10:20:00,5785
2023-01-02 10:40:00,4689
2023-01-02 11:00:00,6818
2023-01-02 11:20:00,5580
2023-01-02 11:40:00,9529
2023-01-02 12:00:00,11178
2023-01-02 12:20:00,11744
2023-01-02 12:40:00,12507
2023-01-02 13:00:00,8902
2023-01-02 13:20:00,4571
2023-01-02 13:40:00,4179
2023-01-02 14:00:00,3414
2023-01-02 14:20:00,1842
2023-01-02 14:40:00,1218
2023-01-02 15:00:00,878
2023-01-02 15:20:00,496
2023-01-02 15:40:00,311
2023-01-02 16:00:00,0
2023-01-02 16:20:00,0
2023-01-02 16:40:00,0
2023-01-02 17:00:00,0
2023-01-02 17:20:00,0
2023-01-02 17:40:00,0
2023-01-02 18:00:00,0
2023-01-02 18:20:00,0
2023-01-02 18:40:00,0
2023-01-02 19:00:00,0
2023-01-02 19:20:00,0
2023-01-02 19:40:00,0
2023-01-02 20:00:00,0
2023-01-02 20:20:00,0
2023-01-02 20:40:00,0
2023-01-02 21:00:00,0
2023-01-02 21:20:00,0
2023-01-02 21:40:00,0
2023-01-02 22:00:00,0
2023-01-02 22:20:00,0
2023-01-02 22:40:00,0
2023-01-02 23:00:00,0
2023-01-02 23:20:00,0
2023-01-02 23:40:00,0
2023-01-03 00:00:00,0
2023-01-03 00:20:00,0
2023-01-03 00:40:00,0
2023-01-03 01:00:00,0
2023-01-03 01:20:00,0
2023-01-03 01:40:00,0
2023-01-03 02:00:00,0
2023-01-03 02:20:00,0
2023-01-03 02:40:00,0
2023-01-03 03:00:00,0
2023-01-03 03:20:00,0
2023-01-03 03:40:00,0
2023-01-03 04:00:00,0
2023-01-03 04:20:00,0
2023-01-03 04:40:00,0
2023-01-03 05:00:00,0
2023-01-03 05:20:00,0
2023-01-03 05:40:00,0
2023-01-03 06:00:00,0
2023-01-03 06:20:00,0
2023-01-03 06:40:00,0
2023-01-03 07:00:00,0
2023-01-03 07:20:00,0
2023-01-03 07:40:00,0
2023-01-03 08:00:00,0
2023-01-03 08:20:00,0
2023-01-03 08:40:00,93.4
2023-01-03 09:00:00,1348
2023-01-03 09:20:00,2678
2023-01-03 09:40:00,3372
2023-01-03 10:00:00,3725
2023-01-03 10:20:00,8024
2023-01-03 10:40:00,9274
2023-01-03 11:00:00,9777
2023-01-03 11:20:00,10964
2023-01-03 11:40:00,12000
2023-01-03 12:00:00,12568
2023-01-03 12:20:00,12547
2023-01-03 12:40:00,13509
2023-01-03 13:00:00,15869
2023-01-03 13:20:00,14939
2023-01-03 13:40:00,11653
2023-01-03 14:00:00,8586
2023-01-03 14:20:00,7953
2023-01-03 14:40:00,5600
2023-01-03 15:00:00,4465
2023-01-03 15:20:00,2803
2023-01-03 15:40:00,2129
2023-01-03 16:00:00,977
2023-01-03 16:20:00,183
2023-01-03 16:40:00,0
2023-01-03 17:00:00,0
2023-01-03 17:20:00,0
2023-01-03 17:40:00,0
2023-01-03 18:00:00,0
2023-01-03 18:20:00,0
2023-01-03 18:40:00,0
2023-01-03 19:00:00,0
2023-01-03 19:20:00,0
2023-01-03 19:40:00,0
2023-01-03 20:00:00,0
2023-01-03 20:20:00,0
2023-01-03 20:40:00,0
2023-01-03 21:00:00,0
2023-01-03 21:20:00,0
2023-01-03 21:40:00,0
2023-01-03 22:00:00,0
2023-01-03 22:20:00,0
2023-01-03 22:40:00,0
2023-01-03 23:00:00,0
2023-01-03 23:20:00,0
2023-01-03 23:40:00,0
2023-01-04 00:00:00,0
2023-01-04 00:20:00,0
2023-01-04 00:40:00,0
2023-01-04 01:00:00,0
2023-01-04 01:20:00,0
2023-01-04 01:40:00,0
2023-01-04 02:00:00,0
2023-01-04 02:20:00,0
2023-01-04 02:40:00,0
2023-01-04 03:00:00,0
2023-01-04 03:20:00,0
2023-01-04 03:40:00,0
2023-01-04 04:00:00,0
2023-01-04 04:20:00,0
2023-01-04 04:40:00,0
2023-01-04 05:00:00,0
2023-01-04 05:20:00,0
2023-01-04 05:40:00,0
2023-01-04 06:00:00,0
2023-01-04 06:20:00,0
2023-01-04 06:40:00,0
2023-01-04 07:00:00,0
2023-01-04 07:20:00,0
2023-01-04 07:40:00,0
2023-01-04 08:00:00,0
2023-01-04 08:20:00,0
2023-01-04 08:40:00,0
2023-01-04 09:00:00,216
2023-01-04 09:20:00,1076
2023-01-04 09:40:00,1149
2023-01-04 10:00:00,1840
2023-01-04 10:20:00,1958
2023-01-04 10:40:00,2768
2023-01-04 11:00:00,3202
2023-01-04 11:20:00,2844
2023-01-04 11:40:00,2934
2023-01-04 12:00:00,2855
2023-01-04 12:20:00,2993
2023-01-04 12:40:00,3652
2023-01-04 13:00:00,6245
2023-01-04 13:20:00,7049
2023-01-04 13:40:00,7255
2023-01-04 14:00:00,6568
2023-01-04 14:20:00,5115
2023-01-04 14:40:00,3615
2023-01-04 15:00:00,2574
2023-01-04 15:20:00,2188
2023-01-04 15:40:00,1796
2023-01-04 16:00:00,973
2023-01-04 16:20:00,110
2023-01-04 16:40:00,0
2023-01-04 17:00:00,0
2023-01-04 17:20:00,0
2023-01-04 17:40:00,0
2023-01-04 18:00:00,0
2023-01-04 18:20:00,0
2023-01-04 18:40:00,0
2023-01-04 19:00:00,0
2023-01-04 19:20:00,0
2023-01-04 19:40:00,0
2023-01-04 20:00:00,0
2023-01-04 20:20:00,0
2023-01-04 20:40:00,0
2023-01-04 21:00:00,0
2023-01-04 21:20:00,0
2023-01-04 21:40:00,0
2023-01-04 22:00:00,0
2023-01-04 22:20:00,0
2023-01-04 22:40:00,0
2023-01-04 23:00:00,0
2023-01-04 23:20:00,0
2023-01-04 23:40:00,0
2023-01-05 00:00:00,0
2023-01-05 00:20:00,0
2023-01-05 00:40:00,0
2023-01-05 01:00:00,0
2023-01-05 01:20:00,0
2023-01-05 01:40:00,0
2023-01-05 02:00:00,0
2023-01-05 02:20:00,0
2023-01-05 02:40:00,0
2023-01-05 03:00:00,0
2023-01-05 03:20:00,0
2023-01-05 03:40:00,0
2023-01-05 04:00:00,0
2023-01-05 04:20:00,0
2023-01-05 04:40:00,0
2023-01-05 05:00:00,0
2023-01-05 05:20:00,0
2023-01-05 05:40:00,0
2023-01-05 06:00:00,0
2023-01-05 06:20:00,0
2023-01-05 06:40:00,0
2023-01-05 07:00:00,0
2023-01-05 07:20:00,0
2023-01-05 07:40:00,0
2023-01-05 08:00:00,0
2023-01-05 08:20:00,0
2023-01-05 08:40:00,564
2023-01-05 09:00:00,2348
2023-01-05 09:20:00,1922
2023-01-05 09:40:00,2268
2023-01-05 10:00:00,2795
2023-01-05 10:20:00,3269
2023-01-05 10:40:00,4691
2023-01-05 11:00:00,6650
2023-01-05 11:20:00,7705
2023-01-05 11:40:00,5868
2023-01-05 12:00:00,6645
2023-01-05 12:20:00,6184
2023-01-05 12:40:00,3475
2023-01-05 13:00:00,2414
2023-01-05 13:20:00,2539
2023-01-05 13:40:00,4609
2023-01-05 14:00:00,7725
2023-01-05 14:20:00,2974
2023-01-05 14:40:00,2091
2023-01-05 15:00:00,1298
2023-01-05 15:20:00,768
2023-01-05 15:40:00,1020
2023-01-05 16:00:00,398
2023-01-05 16:20:00,16.6
2023-01-05 16:40:00,0
2023-01-05 17:00:00,0
2023-01-05 17:20:00,0
2023-01-05 17:40:00,0
2023-01-05 18:00:00,0
2023-01-05 18:20:00,0
2023-01-05 18:40:00,0
2023-01-05 19:00:00,0
2023-01-05 19:20:00,0
2023-01-05 19:40:00,0
2023-01-05 20:00:00,0
2023-01-05 20:20:00,0
2023-01-05 20:40:00,0
2023-01-05 21:00:00,0
2023-01-05 21:20:00,0
2023-01-05 21:40:00,0
2023-01-05 22:00:00,0
2023-01-05 22:20:00,0
2023-01-05 22:40:00,0
2023-01-05 23:00:00,0
2023-01-05 23:20:00,0
2023-01-05 23:40:00,0
2023-01-06 00:00:00,0
2023-01-06 00:20:00,0
2023-01-06 00:40:00,0
2023-01-06 01:00:00,0
2023-01-06 01:20:00,0
2023-01-06 01:40:00,0
2023-01-06 02:00:00,0
2023-01-06 02:20:00,0
2023-01-06 02:40:00,0
2023-01-06 03:00:00,0
2023-01-06 03:20:00,0
2023-01-06 03:40:00,0
2023-01-06 04:00:00,0
2023-01-06 04:20:00,0
2023-01-06 04:40:00,0
2023-01-06 05:00:00,0
2023-01-06 05:20:00,0
2023-01-06 05:40:00,0
2023-01-06 06:00:00,0
2023-01-06 06:20:00,0
2023-01-06 06:40:00,0
2023-01-06 07:00:00,0
2023-01-06 07:20:00,0
2023-01-06 07:40:00,0
2023-01-06 08:00:00,0
2023-01-06 08:20:00,0
2023-01-06 08:40:00,634
2023-01-06 09:00:00,1554
2023-01-06 09:20:00,2300
2023-01-06 09:40:00,2484
2023-01-06 10:00:00,2686
2023-01-06 10:20:00,2669
2023-01-06 10:40:00,5054
2023-01-06 11:00:00,5252
2023-01-06 11:20:00,7396
2023-01-06 11:40:00,10304
2023-01-06 12:00:00,9789
2023-01-06 12:20:00,6577
2023-01-06 12:40:00,8669
2023-01-06 13:00:00,8244
2023-01-06 13:20:00,7170
2023-01-06 13:40:00,3433
2023-01-06 14:00:00,4272
2023-01-06 14:20:00,3346
2023-01-06 14:40:00,3119
2023-01-06 15:00:00,2613
2023-01-06 15:20:00,2358
2023-01-06 15:40:00,2090
2023-01-06 16:00:00,1007
2023-01-06 16:20:00,74.8
2023-01-06 16:40:00,0
2023-01-06 17:00:00,0
2023-01-06 17:20:00,0
2023-01-06 17:40:00,0
2023-01-06 18:00:00,0
2023-01-06 18:20:00,0
2023-01-06 18:40:00,0
2023-01-06 19:00:00,0
2023-01-06 19:20:00,0
2023-01-06 19:40:00,0
2023-01-06 20:00:00,0
2023-01-06 20:20:00,0
2023-01-06 20:40:00,0
2023-01-06 21:00:00,0
2023-01-06 21:20:00,0
2023-01-06 21:40:00,0
2023-01-06 22:00:00,0
2023-01-06 22:20:00,0
2023-01-06 22:40:00,0
2023-01-06 23:00:00,0
2023-01-06 23:20:00,0
2023-01-06 23:40:00,0
2023-01-07 00:00:00,0
2023-01-07 00:20:00,0
2023-01-07 00:40:00,0
2023-01-07 01:00:00,0
2023-01-07 01:20:00,0
2023-01-07 01:40:00,0
2023-01-07 02:00:00,0
2023-01-07 02:20:00,0
2023-01-07 02:40:00,0
2023-01-07 03:00:00,0
2023-01-07 03:20:00,0
2023-01-07 03:40:00,0
2023-01-07 04:00:00,0
2023-01-07 04:20:00,0
2023-01-07 04:40:00,0
2023-01-07 05:00:00,0
2023-01-07 05:20:00,0
2023-01-07 05:40:00,0
2023-01-07 06:00:00,0
2023-01-07 06:20:00,0
2023-01-07 06:40:00,0
2023-01-07 07:00:00,0
2023-01-07 07:20:00,0
2023-01-07 07:40:00,0
2023-01-07 08:00:00,0
2023-01-07 08:20:00,0
2023-01-07 08:40:00,0
2023-01-07 09:00:00,407
2023-01-07 09:20:00,1024
2023-01-07 09:40:00,2187
2023-01-07 10:00:00,3663
2023-01-07 10:20:00,2471
2023-01-07 10:40:00,3313
2023-01-07 11:00:00,4568
2023-01-07 11:20:00,7872
2023-01-07 11:40:00,7498
2023-01-07 12:00:00,8295
2023-01-07 12:20:00,9457
2023-01-07 12:40:00,10714
2023-01-07 13:00:00,13886
2023-01-07 13:20:00,14240
2023-01-07 13:40:00,12627
2023-01-07 14:00:00,9665
2023-01-07 14:20:00,7881
2023-01-07 14:40:00,5877
2023-01-07 15:00:00,4570
2023-01-07 15:20:00,3479
2023-01-07 15:40:00,2519
2023-01-07 16:00:00,1494
2023-01-07 16:20:00,472
2023-01-07 16:40:00,5.21
2023-01-07 17:00:00,0
2023-01-07 17:20:00,0
2023-01-07 17:40:00,0
2023-01-07 18:00:00,0
2023-01-07 18:20:00,0
2023-01-07 18:40:00,0
2023-01-07 19:00:00,0
2023-01-07 19:20:00,0
2023-01-07 19:40:00,0
2023-01-07 20:00:00,0
2023-01-07 20:20:00,0
2023-01-07 20:40:00,0
2023-01-07 21:00:00,0
2023-01-07 21:20:00,0
2023-01-07 21:40:00,0
2023-01-07 22:00:00,0
2023-01-07 22:20:00,0
2023-01-07 22:40:00,0
2023-01-07 23:00:00,0
2023-01-07 23:20:00,0
2023-01-07 23:40:00,0
2023-01-08 00:00:00,0
2023-01-08 00:20:00,0
2023-01-08 00:40:00,0
2023-01-08 01:00:00,0
2023-01-08 01:20:00,0
2023-01-08 01:40:00,0
2023-01-08 02:00:00,0
2023-01-08 02:20:00,0
2023-01-08 02:40:00,0
2023-01-08 03:00:00,0
2023-01-08 03:20:00,0
2023-01-08 03:40:00,0
2023-01-08 04:00:00,0
2023-01-08 04:20:00,0
2023-01-08 04:40:00,0
2023-01-08 05:00:00,0
2023-01-08 05:20:00,0
2023-01-08 05:40:00,0
2023-01-08 06:00:00,0
2023-01-08 06:20:00,0
2023-01-08 06:40:00,0
2023-01-08 07:00:00,0
2023-01-08 07:20:00,0
2023-01-08 07:40:00,0
2023-01-08 08:00:00,0
2023-01-08 08:20:00,0
2023-01-08 08:40:00,0
2023-01-08 09:00:00,88.5
2023-01-08 09:20:00,190
2023-01-08 09:40:00,74.2
2023-01-08 10:00:00,1233
2023-01-08 10:20:00,3224
2023-01-08 10:40:00,3512
2023-01-08 11:00:00,5146
2023-01-08 11:20:00,7202
2023-01-08 11:40:00,7973
2023-01-08 12:00:00,8908
2023-01-08 12:20:00,9062
2023-01-08 12:40:00,9202
2023-01-08 13:00:00,7464
2023-01-08 13:20:00,3356
2023-01-08 13:40:00,4892
2023-01-08 14:00:00,2284
2023-01-08 14:20:00,5093
2023-01-08 14:40:00,4769
2023-01-08 15:00:00,4626
2023-01-08 15:20:00,3852
2023-01-08 15:40:00,1695
2023-01-08 16:00:00,667
2023-01-08 16:20:00,207
2023-01-08 16:40:00,0
2023-01-08 17:00:00,0
2023-01-08 17:20:00,0
2023-01-08 17:40:00,0
2023-01-08 18:00:00,0
2023-01-08 18:20:00,0
2023-01-08 18:40:00,0
2023-01-08 19:00:00,0
2023-01-08 19:20:00,0
2023-01-08 19:40:00,0
2023-01-08 20:00:00,0
2023-01-08 20:20:00,0
2023-01-08 20:40:00,0
2023-01-08 21:00:00,0
2023-01-08 21:20:00,0
2023-01-08 21:40:00,0
2023-01-08 22:00:00,0
2023-01-08 22:20:00,0
2023-01-08 22:40:00,0
2023-01-08 23:00:00,0
2023-01-08 23:20:00,0
2023-01-08 23:40:00,0
2023-01-09 00:00:00,0
2023-01-09 00:20:00,0
2023-01-09 00:40:00,0
2023-01-09 01:00:00,0
2023-01-09 01:20:00,0
2023-01-09 01:40:00,0
2023-01-09 02:00:00,0
2023-01-09 02:20:00,0
2023-01-09 02:40:00,0
2023-01-09 03:00:00,0
2023-01-09 03:20:00,0
2023-01-09 03:40:00,0
2023-01-09 04:00:00,0
2023-01-09 04:20:00,0
2023-01-09 04:40:00,0
2023-01-09 05:00:00,0
2023-01-09 05:20:00,0
2023-01-09 05:40:00,0
2023-01-09 06:00:00,0
2023-01-09 06:20:00,0
2023-01-09 06:40:00,0
2023-01-09 07:00:00,0
2023-01-09 07:20:00,0
2023-01-09 07:40:00,0
2023-01-09 08:00:00,0
2023-01-09 08:20:00,0
2023-01-09 08:40:00,1181
2023-01-09 09:00:00,2177
2023-01-09 09:20:00,2670
2023-01-09 09:40:00,2442
2023-01-09 10:00:00,4391
2023-01-09 10:20:00,4086
2023-01-09 10:40:00,4747
2023-01-09 11:00:00,6635
2023-01-09 11:20:00,5954
2023-01-09 11:40:00,7765
2023-01-09 12:00:00,7258
2023-01-09 12:20:00,5674
2023-01-09 12:40:00,5521
2023-01-09 13:00:00,18412
2023-01-09 13:20:00,9936
2023-01-09 13:40:00,9413
2023-01-09 14:00:00,6136
2023-01-09 14:20:00,3300
2023-01-09 14:40:00,4991
2023-01-09 15:00:00,3014
2023-01-09 15:20:00,2313
2023-01-09 15:40:00,2124
2023-01-09 16:00:00,1491
2023-01-09 16:20:00,591
2023-01-09 16:40:00,2.29
2023-01-09 17:00:00,0
2023-01-09 17:20:00,0
2023-01-09 17:40:00,0
2023-01-09 18:00:00,0
2023-01-09 18:20:00,0
2023-01-09 18:40:00,0
2023-01-09 19:00:00,0
2023-01-09 19:20:00,0
2023-01-09 19:40:00,0
2023-01-09 20:00:00,0
2023-01-09 20:20:00,0
2023-01-09 20:40:00,0
2023-01-09 21:00:00,0
2023-01-09 21:20:00,0
2023-01-09 21:40:00,0
2023-01-09 22:00:00,0
2023-01-09 22:20:00,0
2023-01-09 22:40:00,0
2023-01-09 23:00:00,0
2023-01-09 23:20:00,0
2023-01-09 23:40:00,0
2023-01-10 00:00:00,0
2023-01-10 00:20:00,0
2023-01-10 00:40:00,0
2023-01-10 01:00:00,0
2023-01-10 01:20:00,0
2023-01-10 01:40:00,0
2023-01-10 02:00:00,0
2023-01-10 02:20:00,0
2023-01-10 02:40:00,0
2023-01-10 03:00:00,0
2023-01-10 03:20:00,0
2023-01-10 03:40:00,0
2023-01-10 04:00:00,0
2023-01-10 04:20:00,0
2023-01-10 04:40:00,0
2023-01-10 05:00:00,0
2023-01-10 05:20:00,0
2023-01-10 05:40:00,0
2023-01-10 06:00:00,0
2023-01-10 06:20:00,0
2023-01-10 06:40:00,0
2023-01-10 07:00:00,0
2023-01-10 07:20:00,0
2023-01-10 07:40:00,0
2023-01-10 08:00:00,0
2023-01-10 08:20:00,0
2023-01-10 08:40:00,1496
2023-01-10 09:00:00,1785
2023-01-10 09:20:00,1445
2023-01-10 09:40:00,2627
2023-01-10 10:00:00,4040
2023-01-10 10:20:00,5399
2023-01-10 10:40:00,5489
2023-01-10 11:00:00,6413
2023-01-10 11:20:00,9374
2023-01-10 11:40:00,10792
2023-01-10 12:00:00,8037
2023-01-10 12:20:00,10501
2023-01-10 12:40:00,11681
2023-01-10 13:00:00,8768
2023-01-10 13:20:00,10410
2023-01-10 13:40:00,11170
2023-01-10 14:00:00,8546
2023-01-10 14:20:00,8216
2023-01-10 14:40:00,7053
2023-01-10 15:00:00,5059
2023-01-10 15:20:00,4061
2023-01-10 15:40:00,3050
2023-01-10 16:00:00,1525
2023-01-10 16:20:00,699
2023-01-10 16:40:00,5.38
2023-01-10 17:00:00,0
2023-01-10 17:20:00,0
2023-01-10 17:40:00,0
2023-01-10 18:00:00,0
2023-01-10 18:20:00,0
2023-01-10 18:40:00,0
2023-01-10 19:00:00,0
2023-01-10 19:20:00,0
2023-01-10 19:40:00,0
2023-01-10 20:00:00,0
2023-01-10 20:20:00,0
2023-01-10 20:40:00,0
2023-01-10 21:00:00,0
2023-01-10 21:20:00,0
2023-01-10 21:40:00,0
2023-01-10 22:00:00,0
2023-01-10 22:20:00,0
2023-01-10 22:40:00,0
2023-01-10 23:00:00,0
2023-01-10 23:20:00,0
2023-01-10 23:40:00,0
2023-01-11 00:00:00,0
2023-01-11 00:20:00,0
2023-01-11 00:40:00,0
2023-01-11 01:00:00,0
2023-01-11 01:20:00,0
2023-01-11 01:40:00,0
2023-01-11 02:00:00,0
2023-01-11 02:20:00,0
2023-01-11 02:40:00,0
2023-01-11 03:00:00,0
2023-01-11 03:20:00,0
2023-01-11 03:40:00,0
2023-01-11 04:00:00,0
2023-01-11 04:20:00,0
2023-01-11 04:40:00,0
2023-01-11 05:00:00,0
2023-01-11 05:20:00,0
2023-01-11 05:40:00,0
2023-01-11 06:00:00,0
2023-01-11 06:20:00,0
2023-01-11 06:40:00,0
2023-01-11 07:00:00,0
2023-01-11 07:20:00,0
2023-01-11 07:40:00,0
2023-01-11 08:00:00,0
2023-01-11 08:20:00,0
2023-01-11 08:40:00,0
2023-01-11 09:00:00,0
2023-01-11 09:20:00,83.1
2023-01-11 09:40:00,807
2023-01-11 10:00:00,1286
2023-01-11 10:20:00,2078
2023-01-11 10:40:00,3065
2023-01-11 11:00:00,2854
2023-01-11 11:20:00,1538
2023-01-11 11:40:00,1862
2023-01-11 12:00:00,2392
2023-01-11 12:20:00,2466
2023-01-11 12:40:00,2546
2023-01-11 13:00:00,3026
2023-01-11 13:20:00,1477
2023-01-11 13:40:00,3141
2023-01-11 14:00:00,2942
2023-01-11 14:20:00,4036
2023-01-11 14:40:00,3407
2023-01-11 15:00:00,4075
2023-01-11 15:20:00,2113
2023-01-11 15:40:00,1144
2023-01-11 16:00:00,656
2023-01-11 16:20:00,275
2023-01-11 16:40:00,0
2023-01-11 17:00:00,0
2023-01-11 17:20:00,0
2023-01-11 17:40:00,0
2023-01-11 18:00:00,0
2023-01-11 18:20:00,0
2023-01-11 18:40:00,0
2023-01-11 19:00:00,0
2023-01-11 19:20:00,0
2023-01-11 19:40:00,0
2023-01-11 20:00:00,0
2023-01-11 20:20:00,0
2023-01-11 20:40:00,0
2023-01-11 21:00:00,0
2023-01-11 21:20:00,0
2023-01-11 21:40:00,0
2023-01-11 22:00:00,0
2023-01-11 22:20:00,0
2023-01-11 22:40:00,0
2023-01-11 23:00:00,0
2023-01-11 23:20:00,0
2023-01-11 23:40:00,0
2023-01-12 00:00:00,0
2023-01-12 00:20:00,0
2023-01-12 00:40:00,0
2023-01-12 01:00:00,0
2023-01-12 01:20:00,0
2023-01-12 01:40:00,0
2023-01-12 02:00:00,0
2023-01-12 02:20:00,0
2023-01-12 02:40:00,0
2023-01-12 03:00:00,0
2023-01-12 03:20:00,0
2023-01-12 03:40:00,0
2023-01-12 04:00:00,0
2023-01-12 04:20:00,0
2023-01-12 04:40:00,0
2023-01-12 05:00:00,0
2023-01-12 05:20:00,0
2023-01-12 05:40:00,0
2023-01-12 06:00:00,0
2023-01-12 06:20:00,0
2023-01-12 06:40:00,0
2023-01-12 07:00:00,0
2023-01-12 07:20:00,0
2023-01-12 07:40:00,0
2023-01-12 08:00:00,0
2023-01-12 08:20:00,0
2023-01-12 08:40:00,0
2023-01-12 09:00:00,382
2023-01-12 09:20:00,624
2023-01-12 09:40:00,1305
2023-01-12 10:00:00,2219
2023-01-12 10:20:00,3566
2023-01-12 10:40:00,4055
2023-01-12 11:00:00,2476
2023-01-12 11:20:00,4791
2023-01-12 11:40:00,4146
2023-01-12 12:00:00,5985
2023-01-12 12:20:00,6725
2023-01-12 12:40:00,9463
2023-01-12 13:00:00,6972
2023-01-12 13:20:00,7513
2023-01-12 13:40:00,9418
2023-01-12 14:00:00,8194
2023-01-12 14:20:00,6100
2023-01-12 14:40:00,4624
2023-01-12 15:00:00,1825
2023-01-12 15:20:00,876
2023-01-12 15:40:00,985
2023-01-12 16:00:00,159
2023-01-12 16:20:00,0
2023-01-12 16:40:00,0
2023-01-12 17:00:00,0
2023-01-12 17:20:00,0
2023-01-12 17:40:00,0
2023-01-12 18:00:00,0
2023-01-12 18:20:00,0
2023-01-12 18:40:00,0
2023-01-12 19:00:00,0
2023-01-12 19:20:00,0
2023-01-12 19:40:00,0
2023-01-12 20:00:00,0
2023-01-12 20:20:00,0
2023-01-12 20:40:00,0
2023-01-12 21:00:00,0
2023-01-12 21:20:00,0
2023-01-12 21:40:00,0
2023-01-12 22:00:00,0
2023-01-12 22:20:00,0
2023-01-12 22:40:00,0
2023-01-12 23:00:00,0
2023-01-12 23:20:00,0
2023-01-12 23:40:00,0
2023-01-13 00:00:00,0
2023-01-13 00:20:00,0
2023-01-13 00:40:00,0
2023-01-13 01:00:00,0
2023-01-13 01:20:00,0
2023-01-13 01:40:00,0
2023-01-13 02:00:00,0
2023-01-13 02:20:00,0
2023-01-13 02:40:00,0
2023-01-13 03:00:00,0
2023-01-13 03:20:00,0
2023-01-13 03:40:00,0
2023-01-13 04:00:00,0
2023-01-13 04:20:00,0
2023-01-13 04:40:00,0
2023-01-13 05:00:00,0
2023-01-13 05:20:00,0
2023-01-13 05:40:00,0
2023-01-13 06:00:00,0
2023-01-13 06:20:00,0
2023-01-13 06:40:00,0
2023-01-13 07:00:00,0
2023-01-13 07:20:00,0
2023-01-13 07:40:00,0
2023-01-13 08:00:00,0
2023-01-13 08:20:00,0
2023-01-13 08:40:00,425
2023-01-13 09:00:00,567
2023-01-13 09:20:00,1723
2023-01-13 09:40:00,1677
2023-01-13 10:00:00,2770
2023-01-13 10:20:00,3780
2023-01-13 10:40:00,5015
2023-01-13 11:00:00,5647
2023-01-13 11:20:00,3210
2023-01-13 11:40:00,6288
2023-01-13 12:00:00,8966
2023-01-13 12:20:00,8757
2023-01-13 12:40:00,3339
2023-01-13 13:00:00,6446
2023-01-13 13:20:00,11266
2023-01-13 13:40:00,10501
2023-01-13 14:00:00,8184
2023-01-13 14:20:00,7446
2023-01-13 14:40:00,5433
2023-01-13 15:00:00,4272
2023-01-13 15:20:00,3912
2023-01-13 15:40:00,3359
2023-01-13 16:00:00,1221
2023-01-13 16:20:00,755
2023-01-13 16:40:00,7.44
2023-01-13 17:00:00,0
2023-01-13 17:20:00,0
2023-01-13 17:40:00,0
2023-01-13 18:00:00,0
2023-01-13 18:20:00,0
2023-01-13 18:40:00,0
2023-01-13 19:00:00,0
2023-01-13 19:20:00,0
2023-01-13 19:40:00,0
2023-01-13 20:00:00,0
2023-01-13 20:20:00,0
2023-01-13 20:40:00,0
2023-01-13 21:00:00,0
2023-01-13 21:20:00,0
2023-01-13 21:40:00,0
2023-01-13 22:00:00,0
2023-01-13 22:20:00,0
2023-01-13 22:40:00,0
2023-01-13 23:00:00,0
2023-01-13 23:20:00,0
2023-01-13 23:40:00,0
2023-01-14 00:00:00,0
2023-01-14 00:20:00,0
2023-01-14 00:40:00,0
2023-01-14 01:00:00,0
2023-01-14 01:20:00,0
2023-01-14 01:40:00,0
2023-01-14 02:00:00,0
2023-01-14 02:20:00,0
2023-01-14 02:40:00,0
2023-01-14 03:00:00,0
2023-01-14 03:20:00,0
2023-01-14 03:40:00,0
2023-01-14 04:00:00,0
2023-01-14 04:20:00,0
2023-01-14 04:40:00,0
2023-01-14 05:00:00,0
2023-01-14 05:20:00,0
2023-01-14 05:40:00,0
2023-01-14 06:00:00,0
2023-01-14 06:20:00,0
2023-01-14 06:40:00,0
2023-01-14 07:00:00,0
2023-01-14 07:20:00,0
2023-01-14 07:40:00,0
2023-01-14 08:00:00,0
2023-01-14 08:20:00,116
2023-01-14 08:40:00,1314
2023-01-14 09:00:00,1919
2023-01-14 09:20:00,2179
2023-01-14 09:40:00,2767
2023-01-14 10:00:00,4455
2023-01-14 10:20:00,4123
2023-01-14 10:40:00,4361
2023-01-14 11:00:00,4194
2023-01-14 11:20:00,4446
2023-01-14 11:40:00,5160
2023-01-14 12:00:00,5383
2023-01-14 12:20:00,4580
2023-01-14 12:40:00,3327
2023-01-14 13:00:00,3344
2023-01-14 13:20:00,4228
2023-01-14 13:40:00,5050
2023-01-14 14:00:00,2349
2023-01-14 14:20:00,1911
2023-01-14 14:40:00,1886
2023-01-14 15:00:00,1874
2023-01-14 15:20:00,1473
2023-01-14 15:40:00,1229
2023-01-14 16:00:00,593
2023-01-14 16:20:00,78.6
2023-01-14 16:40:00,0
2023-01-14 17:00:00,0
2023-01-14 17:20:00,0
2023-01-14 17:40:00,0
2023-01-14 18:00:00,0
2023-01-14 18:20:00,0
2023-01-14 18:40:00,0
2023-01-14 19:00:00,0
2023-01-14 19:20:00,0
2023-01-14 19:40:00,0
2023-01-14 20:00:00,0
2023-01-14 20:20:00,0
2023-01-14 20:40:00,0
2023-01-14 21:00:00,0
2023-01-14 21:20:00,0
2023-01-14 21:40:00,0
2023-01-14 22:00:00,0
2023-01-14 22:20:00,0
2023-01-14 22:40:00,0
2023-01-14 23:00:00,0
2023-01-14 23:20:00,0
2023-01-14 23:40:00,0
2023-01-15 00:00:00,0
2023-01-15 00:20:00,0
2023-01-15 00:40:00,0
2023-01-15 01:00:00,0
2023-01-15 01:20:00,0
2023-01-15 01:40:00,0
2023-01-15 02:00:00,0
2023-01-15 02:20:00,0
2023-01-15 02:40:00,0
2023-01-15 03:00:00,0
2023-01-15 03:20:00,0
2023-01-15 03:40:00,0
2023-01-15 04:00:00,0
2023-01-15 04:20:00,0
2023-01-15 04:40:00,0
2023-01-15 05:00:00,0
2023-01-15 05:20:00,0
2023-01-15 05:40:00,0
2023-01-15 06:00:00,0
2023-01-15 06:20:00,0
2023-01-15 06:40:00,0
2023-01-15 07:00:00,0
2023-01-15 07:20:00,0
2023-01-15 07:40:00,0
2023-01-15 08:00:00,0
2023-01-15 08:20:00,0
2023-01-15 08:40:00,0
2023-01-15 09:00:00,0
2023-01-15 09:20:00,209
2023-01-15 09:40:00,499
2023-01-15 10:00:00,771
2023-01-15 10:20:00,1177
2023-01-15 10:40:00,1111
2023-01-15 11:00:00,1575
2023-01-15 11:20:00,2065
2023-01-15 11:40:00,2429
2023-01-15 12:00:00,2484
2023-01-15 12:20:00,3337
2023-01-15 12:40:00,4463
2023-01-15 13:00:00,7996
2023-01-15 13:20:00,8765
2023-01-15 13:40:00,13012
2023-01-15 14:00:00,11113
2023-01-15 14:20:00,8975
2023-01-15 14:40:00,6036
2023-01-15 15:00:00,4335
2023-01-15 15:20:00,4362
2023-01-15 15:40:00,2714
2023-01-15 16:00:00,1287
2023-01-15 16:20:00,225
2023-01-15 16:40:00,0
2023-01-15 17:00:00,0
2023-01-15 17:20:00,0
2023-01-15 17:40:00,0
2023-01-15 18:00:00,0
2023-01-15 18:20:00,0
2023-01-15 18:40:00,0
2023-01-15 19:00:00,0
2023-01-15 19:20:00,0
2023-01-15 19:40:00,0
2023-01-15 20:00:00,0
2023-01-15 20:20:00,0
2023-01-15 20:40:00,0
2023-01-15 21:00:00,0
2023-01-15 21:20:00,0
2023-01-15 21:40:00,0
2023-01-15 22:00:00,0
2023-01-15 22:20:00,0
2023-01-15 22:40:00,0
2023-01-15 23:00:00,0
2023-01-15 23:20:00,0
2023-01-15 23:40:00,0
2023-01-16 00:00:00,0
2023-01-16 00:20:00,0
2023-01-16 00:40:00,0
2023-01-16 01:00:00,0
2023-01-16 01:20:00,0
2023-01-16 01:40:00,0
2023-01-16 02:00:00,0
2023-01-16 02:20:00,0
2023-01-16 02:40:00,0
2023-01-16 03:00:00,0
2023-01-16 03:20:00,0
2023-01-16 03:40:00,0
2023-01-16 04:00:00,0
2023-01-16 04:20:00,0
2023-01-16 04:40:00,0
2023-01-16 05:00:00,0
2023-01-16 05:20:00,0
2023-01-16 05:40:00,0
2023-01-16 06:00:00,0
2023-01-16 06:20:00,0
2023-01-16 06:40:00,0
2023-01-16 07:00:00,0
2023-01-16 07:20:00,0
2023-01-16 07:40:00,0
2023-01-16 08:00:00,0
2023-01-16 08:20:00,0
2023-01-16 08:40:00,768
2023-01-16 09:00:00,2170
2023-01-16 09:20:00,939
2023-01-16 09:40:00,1046
2023-01-16 10:00:00,1926
2023-01-16 10:20:00,1179
2023-01-16 10:40:00,1262
2023-01-16 11:00:00,2171
2023-01-16 11:20:00,2464
2023-01-16 11:40:00,1995
2023-01-16 12:00:00,2911
2023-01-16 12:20:00,5131
2023-01-16 12:40:00,4986
2023-01-16 13:00:00,6727
2023-01-16 13:20:00,7448
2023-01-16 13:40:00,7874
2023-01-16 14:00:00,9787
2023-01-16 14:20:00,5513
2023-01-16 14:40:00,6136
2023-01-16 15:00:00,4915
2023-01-16 15:20:00,1518
2023-01-16 15:40:00,540
2023-01-16 16:00:00,557
2023-01-16 16:20:00,5.10
2023-01-16 16:40:00,109
2023-01-16 17:00:00,0
2023-01-16 17:20:00,0
2023-01-16 17:40:00,0
2023-01-16 18:00:00,0
2023-01-16 18:20:00,0
2023-01-16 18:40:00,0
2023-01-16 19:00:00,0
2023-01-16 19:20:00,0
2023-01-16 19:40:00,0
2023-01-16 20:00:00,0
2023-01-16 20:20:00,0
2023-01-16 20:40:00,0
2023-01-16 21:00:00,0
2023-01-16 21:20:00,0
2023-01-16 21:40:00,0
2023-01-16 22:00:00,0
2023-01-16 22:20:00,0
2023-01-16 22:40:00,0
2023-01-16 23:00:00,0
2023-01-16 23:20:00,0
2023-01-16 23:40:00,0
2023-01-17 00:00:00,0
2023-01-17 00:20:00,0
2023-01-17 00:40:00,0
2023-01-17 01:00:00,0
2023-01-17 01:20:00,0
2023-01-17 01:40:00,0
2023-01-17 02:00:00,0
2023-01-17 02:20:00,0
2023-01-17 02:40:00,0
2023-01-17 03:00:00,0
2023-01-17 03:20:00,0
2023-01-17 03:40:00,0
2023-01-17 04:00:00,0
2023-01-17 04:20:00,0
2023-01-17 04:40:00,0
2023-01-17 05:00:00,0
2023-01-17 05:20:00,0
2023-01-17 05:40:00,0
2023-01-17 06:00:00,0
2023-01-17 06:20:00,0
2023-01-17 06:40:00,0
2023-01-17 07:00:00,0
2023-01-17 07:20:00,0
2023-01-17 07:40:00,0
2023-01-17 08:00:00,0
2023-01-17 08:20:00,0
2023-01-17 08:40:00,2.04
2023-01-17 09:00:00,658
2023-01-17 09:20:00,1156
2023-01-17 09:40:00,2582
2023-01-17 10:00:00,4063
2023-01-17 10:20:00,4937
2023-01-17 10:40:00,6974
2023-01-17 11:00:00,9530
2023-01-17 11:20:00,21009
2023-01-17 11:40:00,17699
2023-01-17 12:00:00,11541
2023-01-17 12:20:00,12598
2023-01-17 12:40:00,12652
2023-01-17 13:00:00,19014
2023-01-17 13:20:00,13827
2023-01-17 13:40:00,9098
2023-01-17 14:00:00,3549
2023-01-17 14:20:00,2984
2023-01-17 14:40:00,4731
2023-01-17 15:00:00,3359
2023-01-17 15:20:00,2665
2023-01-17 15:40:00,2003
2023-01-17 16:00:00,1066
2023-01-17 16:20:00,343
2023-01-17 16:40:00,0
2023-01-17 17:00:00,0
2023-01-17 17:20:00,0
2023-01-17 17:40:00,0
2023-01-17 18:00:00,0
2023-01-17 18:20:00,0
2023-01-17 18:40:00,0
2023-01-17 19:00:00,0
2023-01-17 19:20:00,0
2023-01-17 19:40:00,0
2023-01-17 20:00:00,0
2023-01-17 20:20:00,0
2023-01-17 20:40:00,0
2023-01-17 21:00:00,0
2023-01-17 21:20:00,0
2023-01-17 21:40:00,0
2023-01-17 22:00:00,0
2023-01-17 22:20:00,0
2023-01-17 22:40:00,0
2023-01-17 23:00:00,0
2023-01-17 23:20:00,0
2023-01-17 23:40:00,0
2023-01-18 00:00:00,0
2023-01-18 00:20:00,0
2023-01-18 00:40:00,0
2023-01-18 01:00:00,0
2023-01-18 01:20:00,0
2023-01-18 01:40:00,0
2023-01-18 02:00:00,0
2023-01-18 02:20:00,0
2023-01-18 02:40:00,0
2023-01-18 03:00:00,0
2023-01-18 03:20:00,0
2023-01-18 03:40:00,0
2023-01-18 04:00:00,0
2023-01-18 04:20:00,0
2023-01-18 04:40:00,0
2023-01-18 05:00:00,0
2023-01-18 05:20:00,0
2023-01-18 05:40:00,0
2023-01-18 06:00:00,0
2023-01-18 06:20:00,0
2023-01-18 06:40:00,0
2023-01-18 07:00:00,0
2023-01-18 07:20:00,0
2023-01-18 07:40:00,0
2023-01-18 08:00:00,0
2023-01-18 08:20:00,0
2023-01-18 08:40:00,0
2023-01-18 09:00:00,0
2023-01-18 09:20:00,197
2023-01-18 09:40:00,678
2023-01-18 10:00:00,1018
2023-01-18 10:20:00,1245
2023-01-18 10:40:00,1701
2023-01-18 11:00:00,1985
2023-01-18 11:20:00,1994
2023-01-18 11:40:00,2193
2023-01-18 12:00:00,3266
2023-01-18 12:20:00,2684
2023-01-18 12:40:00,2968
2023-01-18 13:00:00,3154
2023-01-18 13:20:00,2470
2023-01-18 13:40:00,2448
2023-01-18 14:00:00,2934
2023-01-18 14:20:00,4109
2023-01-18 14:40:00,2708
2023-01-18 15:00:00,1545
2023-01-18 15:20:00,1876
2023-01-18 15:40:00,1685
2023-01-18 16:00:00,955
2023-01-18 16:20:00,428
2023-01-18 16:40:00,14.9
2023-01-18 17:00:00,0
2023-01-18 17:20:00,0
2023-01-18 17:40:00,0
2023-01-18 18:00:00,0
2023-01-18 18:20:00,0
2023-01-18 18:40:00,0
2023-01-18 19:00:00,0
2023-01-18 19:20:00,0
2023-01-18 19:40:00,0
2023-01-18 20:00:00,0
2023-01-18 20:20:00,0
2023-01-18 20:40:00,0
2023-01-18 21:00:00,0
2023-01-18 21:20:00,0
2023-01-18 21:40:00,0
2023-01-18 22:00:00,0
2023-01-18 22:20:00,0
2023-01-18 22:40:00,0
2023-01-18 23:00:00,0
2023-01-18 23:20:00,0
2023-01-18 23:40:00,0
2023-01-19 00:00:00,0
2023-01-19 00:20:00,0
2023-01-19 00:40:00,0
2023-01-19 01:00:00,0
2023-01-19 01:20:00,0
2023-01-19 01:40:00,0
2023-01-19 02:00:00,0
2023-01-19 02:20:00,0
2023-01-19 02:40:00,0
2023-01-19 03:00:00,0
2023-01-19 03:20:00,0
2023-01-19 03:40:00,0
2023-01-19 04:00:00,0
2023-01-19 04:20:00,0
2023-01-19 04:40:00,0
2023-01-19 05:00:00,0
2023-01-19 05:20:00,0
2023-01-19 05:40:00,0
2023-01-19 06:00:00,0
2023-01-19 06:20:00,0
2023-01-19 06:40:00,0
2023-01-19 07:00:00,0
2023-01-19 07:20:00,0
2023-01-19 07:40:00,0
2023-01-19 08:00:00,0
2023-01-19 08:20:00,0
2023-01-19 08:40:00,10.8
2023-01-19 09:00:00,763
2023-01-19 09:20:00,534
2023-01-19 09:40:00,1071
2023-01-19 10:00:00,1707
2023-01-19 10:20:00,4484
2023-01-19 10:40:00,2255
2023-01-19 11:00:00,1524
2023-01-19 11:20:00,3803
2023-01-19 11:40:00,4817
2023-01-19 12:00:00,5241
2023-01-19 12:20:00,7981
2023-01-19 12:40:00,8301
2023-01-19 13:00:00,4289
2023-01-19 13:20:00,2799
2023-01-19 13:40:00,4309
2023-01-19 14:00:00,5593
2023-01-19 14:20:00,5961
2023-01-19 14:40:00,5826
2023-01-19 15:00:00,6599
2023-01-19 15:20:00,4489
2023-01-19 15:40:00,3470
2023-01-19 16:00:00,3361
2023-01-19 16:20:00,1970
2023-01-19 16:40:00,379
2023-01-19 17:00:00,0
2023-01-19 17:20:00,0
2023-01-19 17:40:00,0
2023-01-19 18:00:00,0
2023-01-19 18:20:00,0
2023-01-19 18:40:00,0
2023-01-19 19:00:00,0
2023-01-19 19:20:00,0
2023-01-19 19:40:00,0
2023-01-19 20:00:00,0
2023-01-19 20:20:00,0
2023-01-19 20:40:00,0
2023-01-19 21:00:00,0
2023-01-19 21:20:00,0
2023-01-19 21:40:00,0
2023-01-19 22:00:00,0
2023-01-19 22:20:00,0
2023-01-19 22:40:00,0
2023-01-19 23:00:00,0
2023-01-19 23:20:00,0
2023-01-19 23:40:00,0
2023-01-20 00:00:00,0
2023-01-20 00:20:00,0
2023-01-20 00:40:00,0
2023-01-20 01:00:00,0
2023-01-20 01:20:00,0
2023-01-20 01:40:00,0
2023-01-20 02:00:00,0
2023-01-20 02:20:00,0
2023-01-20 02:40:00,0
2023-01-20 03:00:00,0
2023-01-20 03:20:00,0
2023-01-20 03:40:00,0
2023-01-20 06:00:00,0
2023-01-20 06:20:00,0
2023-01-20 06:40:00,0
2023-01-20 07:00:00,0
2023-01-20 07:20:00,0
2023-01-20 07:40:00,0
2023-01-20 08:00:00,0
2023-01-20 08:20:00,65.3
2023-01-20 08:40:00,1244
2023-01-20 09:00:00,2206
2023-01-20 09:20:00,3918
2023-01-20 09:40:00,5930
2023-01-20 10:00:00,8235
2023-01-20 10:20:00,10250
2023-01-20 10:40:00,11627
2023-01-20 11:00:00,12743
2023-01-20 11:20:00,14095
2023-01-20 11:40:00,16590
2023-01-20 12:00:00,16991
2023-01-20 12:20:00,15331
2023-01-20 12:40:00,11362
2023-01-20 13:00:00,13778
2023-01-20 13:20:00,11934
2023-01-20 13:40:00,20259
2023-01-20 14:00:00,7924
2023-01-20 14:20:00,6571
2023-01-20 14:40:00,7598
2023-01-20 15:00:00,6425
2023-01-20 15:20:00,3486
2023-01-20 15:40:00,2803
2023-01-20 16:00:00,2630
2023-01-20 16:20:00,1883
2023-01-20 16:40:00,723
2023-01-20 17:00:00,0.450
2023-01-20 17:20:00,0
2023-01-20 17:40:00,0
2023-01-20 18:00:00,0
2023-01-20 18:20:00,0
2023-01-20 18:40:00,0
2023-01-20 19:00:00,0
2023-01-20 19:20:00,0
2023-01-20 19:40:00,0
2023-01-20 20:00:00,0
2023-01-20 20:20:00,0
2023-01-20 20:40:00,0
2023-01-20 21:00:00,0
2023-01-20 21:20:00,0
2023-01-20 21:40:00,0
2023-01-20 22:00:00,0
2023-01-20 22:20:00,0
2023-01-20 22:40:00,0
2023-01-20 23:00:00,0
2023-01-20 23:20:00,0
2023-01-20 23:40:00,0
2023-01-21 00:00:00,0
2023-01-21 00:20:00,0
2023-01-21 00:40:00,0
2023-01-21 01:00:00,0
2023-01-21 01:20:00,0
2023-01-21 01:40:00,0
2023-01-21 02:00:00,0
2023-01-21 02:20:00,0
2023-01-21 02:40:00,0
2023-01-21 03:00:00,0
2023-01-21 03:20:00,0
2023-01-21 03:40:00,0
2023-01-21 04:00:00,0
2023-01-21 04:20:00,0
2023-01-21 04:40:00,0
2023-01-21 05:00:00,0
2023-01-21 05:20:00,0
2023-01-21 05:40:00,0
2023-01-21 06:00:00,0
2023-01-21 06:20:00,0
2023-01-21 06:40:00,0
2023-01-21 07:00:00,0
2023-01-21 07:20:00,0
2023-01-21 07:40:00,0
2023-01-21 08:00:00,0
2023-01-21 08:20:00,0
2023-01-21 08:40:00,0
2023-01-21 09:00:00,344
2023-01-21 09:20:00,983
2023-01-21 09:40:00,780
2023-01-21 10:00:00,1426
2023-01-21 10:20:00,2537
2023-01-21 10:40:00,2407
2023-01-21 11:00:00,2803
2023-01-21 11:20:00,3324
2023-01-21 11:40:00,3212
2023-01-21 12:00:00,3434
2023-01-21 12:20:00,3163
2023-01-21 12:40:00,2292
2023-01-21 13:00:00,1625
2023-01-21 13:20:00,1132
2023-01-21 13:40:00,941
2023-01-21 14:00:00,1115
2023-01-21 14:20:00,1324
2023-01-21 14:40:00,1312
2023-01-21 15:00:00,1029
2023-01-21 15:20:00,1288
2023-01-21 15:40:00,148
2023-01-21 16:00:00,0
2023-01-21 16:20:00,0
2023-01-21 16:40:00,0
2023-01-21 17:00:00,0
2023-01-21 17:20:00,0
2023-01-21 17:40:00,0
2023-01-21 18:00:00,0
2023-01-21 18:20:00,0
2023-01-21 18:40:00,0
2023-01-21 19:00:00,0
2023-01-21 19:20:00,0
2023-01-21 19:40:00,0
2023-01-21 20:00:00,0
2023-01-21 20:20:00,0
2023-01-21 20:40:00,0
2023-01-21 21:00:00,0
2023-01-21 21:20:00,0
2023-01-21 21:40:00,0
2023-01-21 22:00:00,0
2023-01-21 22:20:00,0
2023-01-21 22:40:00,0
2023-01-21 23:00:00,0
2023-01-21 23:20:00,0
2023-01-21 23:40:00,0
2023-01-22 00:00:00,0
2023-01-22 00:20:00,0
2023-01-22 00:40:00,0
2023-01-22 01:00:00,0
2023-01-22 01:20:00,0
2023-01-22 01:40:00,0
2023-01-22 02:00:00,0
2023-01-22 02:20:00,0
2023-01-22 02:40:00,0
2023-01-22 03:00:00,0
2023-01-22 03:20:00,0
2023-01-22 03:40:00,0
2023-01-22 04:00:00,0
2023-01-22 04:20:00,0
2023-01-22 04:40:00,0
2023-01-22 05:00:00,0
2023-01-22 05:20:00,0
2023-01-22 05:40:00,0
2023-01-22 06:00:00,0
2023-01-22 06:20:00,0
2023-01-22 06:40:00,0
2023-01-22 07:00:00,0
2023-01-22 07:20:00,0
2023-01-22 07:40:00,0
2023-01-22 08:00:00,0
2023-01-22 08:20:00,0
2023-01-22 08:40:00,0
2023-01-22 09:00:00,0
2023-01-22 09:20:00,0
2023-01-22 09:40:00,0
2023-01-22 10:00:00,0
2023-01-22 10:20:00,0
2023-01-22 10:40:00,0
2023-01-22 11:00:00,21.3
2023-01-22 11:20:00,319
2023-01-22 11:40:00,475
2023-01-22 12:00:00,639
2023-01-22 12:20:00,710
2023-01-22 12:40:00,727
2023-01-22 13:00:00,1168
2023-01-22 13:20:00,1436
2023-01-22 13:40:00,1338
2023-01-22 14:00:00,1008
2023-01-22 14:20:00,816
2023-01-22 14:40:00,395
2023-01-22 15:00:00,290
2023-01-22 15:20:00,193
2023-01-22 15:40:00,173
2023-01-22 16:00:00,7.36
2023-01-22 16:20:00,0
2023-01-22 16:40:00,0
2023-01-22 17:00:00,0
2023-01-22 17:20:00,0
2023-01-22 17:40:00,0
2023-01-22 18:00:00,0
2023-01-22 18:20:00,0
2023-01-22 18:40:00,0
2023-01-22 19:00:00,0
2023-01-22 19:20:00,0
2023-01-22 19:40:00,0
2023-01-22 20:00:00,0
2023-01-22 20:20:00,0
2023-01-22 20:40:00,0
2023-01-22 21:00:00,0
2023-01-22 21:20:00,0
2023-01-22 21:40:00,0
2023-01-22 22:00:00,0
2023-01-22 22:20:00,0
2023-01-22 22:40:00,0
2023-01-22 23:00:00,0
2023-01-22 23:20:00,0
2023-01-22 23:40:00,0
2023-01-23 00:00:00,0
2023-01-23 00:20:00,0
2023-01-23 00:40:00,0
2023-01-23 01:00:00,0
2023-01-23 01:20:00,0
2023-01-23 01:40:00,0
2023-01-23 02:00:00,0
2023-01-23 02:20:00,0
2023-01-23 02:40:00,0
2023-01-23 03:00:00,0
2023-01-23 03:20:00,0
2023-01-23 03:40:00,0
2023-01-23 04:00:00,0
2023-01-23 04:20:00,0
2023-01-23 04:40:00,0
2023-01-23 05:00:00,0
2023-01-23 05:20:00,0
2023-01-23 05:40:00,0
2023-01-23 06:00:00,0
2023-01-23 06:20:00,0
2023-01-23 06:40:00,0
2023-01-23 07:00:00,0
2023-01-23 07:20:00,0
2023-01-23 07:40:00,0
2023-01-23 08:00:00,0
2023-01-23 08:20:00,0
2023-01-23 08:40:00,0
2023-01-23 09:00:00,467
2023-01-23 09:20:00,880
2023-01-23 09:40:00,1103
2023-01-23 10:00:00,1750
2023-01-23 10:20:00,1765
2023-01-23 10:40:00,1947
2023-01-23 11:00:00,2564
2023-01-23 11:20:00,1236
2023-01-23 11:40:00,1195
2023-01-23 12:00:00,1757
2023-01-23 12:20:00,3036
2023-01-23 12:40:00,5721
2023-01-23 13:00:00,7256
2023-01-23 13:20:00,5684
2023-01-23 13:40:00,5602
2023-01-23 14:00:00,5092
2023-01-23 14:20:00,3481
2023-01-23 14:40:00,3081
2023-01-23 15:00:00,3019
2023-01-23 15:20:00,2856
2023-01-23 15:40:00,3089
2023-01-23 16:00:00,2435
2023-01-23 16:20:00,1540
2023-01-23 16:40:00,75.7
2023-01-23 17:00:00,0
2023-01-23 17:20:00,0
2023-01-23 17:40:00,0
2023-01-23 18:00:00,0
2023-01-23 18:20:00,0
2023-01-23 18:40:00,0
2023-01-23 19:00:00,0
2023-01-23 19:20:00,0
2023-01-23 19:40:00,0
2023-01-23 20:00:00,0
2023-01-23 20:20:00,0
2023-01-23 20:40:00,0
2023-01-23 21:00:00,0
2023-01-23 21:20:00,0
2023-01-23 21:40:00,0
2023-01-23 22:00:00,0
2023-01-23 22:20:00,0
2023-01-23 22:40:00,0
2023-01-23 23:00:00,0
2023-01-23 23:20:00,0
2023-01-23 23:40:00,0
2023-01-24 00:00:00,0
2023-01-24 00:20:00,0
2023-01-24 00:40:00,0
2023-01-24 01:00:00,0
2023-01-24 01:20:00,0
2023-01-24 01:40:00,0
2023-01-24 02:00:00,0
2023-01-24 02:20:00,0
2023-01-24 02:40:00,0
2023-01-24 03:00:00,0
2023-01-24 03:20:00,0
2023-01-24 03:40:00,0
2023-01-24 04:00:00,0
2023-01-24 04:20:00,0
2023-01-24 04:40:00,0
2023-01-24 05:00:00,0
2023-01-24 05:20:00,0
2023-01-24 05:40:00,0
2023-01-24 06:00:00,0
2023-01-24 06:20:00,0
2023-01-24 06:40:00,0
2023-01-24 07:00:00,0
2023-01-24 07:20:00,0
2023-01-24 07:40:00,0
2023-01-24 08:00:00,0
2023-01-24 08:20:00,0
2023-01-24 08:40:00,114
2023-01-24 09:00:00,660
2023-01-24 09:20:00,1110
2023-01-24 09:40:00,1912
2023-01-24 10:00:00,1982
2023-01-24 10:20:00,2644
2023-01-24 10:40:00,4188
2023-01-24 11:00:00,4407
2023-01-24 11:20:00,4944
2023-01-24 11:40:00,5306
2023-01-24 12:00:00,4644
2023-01-24 12:20:00,4525
2023-01-24 12:40:00,4085
2023-01-24 13:00:00,4384
2023-01-24 13:20:00,5344
2023-01-24 13:40:00,3735
2023-01-24 14:00:00,2713
2023-01-24 14:20:00,2349
2023-01-24 14:40:00,2749
2023-01-24 15:00:00,2454
2023-01-24 15:20:00,2081
2023-01-24 15:40:00,1120
2023-01-24 16:00:00,586
2023-01-24 16:20:00,151
2023-01-24 16:40:00,0
2023-01-24 17:00:00,0
2023-01-24 17:20:00,0
2023-01-24 17:40:00,0
2023-01-24 18:00:00,0
2023-01-24 18:20:00,0
2023-01-24 18:40:00,0
2023-01-24 19:00:00,0
2023-01-24 19:20:00,0
2023-01-24 19:40:00,0
2023-01-24 20:00:00,0
2023-01-24 20:20:00,0
2023-01-24 20:40:00,0
2023-01-24 21:00:00,0
2023-01-24 21:20:00,0
2023-01-24 21:40:00,0
2023-01-24 22:00:00,0
2023-01-24 22:20:00,0
2023-01-24 22:40:00,0
2023-01-24 23:00:00,0
2023-01-24 23:20:00,0
2023-01-24 23:40:00,0
2023-01-25 00:00:00,0
2023-01-25 00:20:00,0
2023-01-25 00:40:00,0
2023-01-25 01:00:00,0
2023-01-25 01:20:00,0
2023-01-25 01:40:00,0
2023-01-25 02:00:00,0
2023-01-25 02:20:00,0
2023-01-25 02:40:00,0
2023-01-25 03:00:00,0
2023-01-25 03:20:00,0
2023-01-25 03:40:00,0
2023-01-25 04:00:00,0
2023-01-25 04:20:00,0
2023-01-25 04:40:00,0
2023-01-25 05:00:00,0
2023-01-25 05:20:00,0
2023-01-25 05:40:00,0
2023-01-25 06:00:00,0
2023-01-25 06:20:00,0
2023-01-25 06:40:00,0
2023-01-25 07:00:00,0
2023-01-25 07:20:00,0
2023-01-25 07:40:00,0
2023-01-25 08:00:00,0
2023-01-25 08:20:00,0
2023-01-25 08:40:00,0
2023-01-25 09:00:00,459
2023-01-25 09:20:00,846
2023-01-25 09:40:00,946
2023-01-25 10:00:00,1521
2023-01-25 10:20:00,1528
2023-01-25 10:40:00,1506
2023-01-25 11:00:00,1776
2023-01-25 11:20:00,1938
2023-01-25 11:40:00,1843
2023-01-25 12:00:00,1858
2023-01-25 12:20:00,2526
2023-01-25 12:40:00,2203
2023-01-25 13:00:00,2316
2023-01-25 13:20:00,2555
2023-01-25 13:40:00,2330
2023-01-25 14:00:00,1981
2023-01-25 14:20:00,1852
2023-01-25 14:40:00,1567
2023-01-25 15:00:00,1289
2023-01-25 15:20:00,1074
2023-01-25 15:40:00,622
2023-01-25 16:00:00,382
2023-01-25 16:20:00,74.0
2023-01-25 16:40:00,0
2023-01-25 17:00:00,0
2023-01-25 17:20:00,0
2023-01-25 17:40:00,0
2023-01-25 18:00:00,0
2023-01-25 18:20:00,0
2023-01-25 18:40:00,0
2023-01-25 19:00:00,0
2023-01-25 19:20:00,0
2023-01-25 19:40:00,0
2023-01-25 20:00:00,0
2023-01-25 20:20:00,0
2023-01-25 20:40:00,0
2023-01-25 21:00:00,0
2023-01-25 21:20:00,0
2023-01-25 21:40:00,0
2023-01-25 22:00:00,0
2023-01-25 22:20:00,0
2023-01-25 22:40:00,0
2023-01-25 23:00:00,0
2023-01-25 23:20:00,0
2023-01-25 23:40:00,0
2023-01-26 00:00:00,0
2023-01-26 00:20:00,0
2023-01-26 00:40:00,0
2023-01-26 01:00:00,0
2023-01-26 01:20:00,0
2023-01-26 01:40:00,0
2023-01-26 02:00:00,0
2023-01-26 02:20:00,0
2023-01-26 02:40:00,0
2023-01-26 03:00:00,0
2023-01-26 03:20:00,0
2023-01-26 03:40:00,0
2023-01-26 04:00:00,0
2023-01-26 04:20:00,0
2023-01-26 04:40:00,0
2023-01-26 05:00:00,0
2023-01-26 05:20:00,0
2023-01-26 05:40:00,0
2023-01-26 06:00:00,0
2023-01-26 06:20:00,0
2023-01-26 06:40:00,0
2023-01-26 07:00:00,0
2023-01-26 07:20:00,0
2023-01-26 07:40:00,0
2023-01-26 08:00:00,0
2023-01-26 08:20:00,0
2023-01-26 08:40:00,0
2023-01-26 09:00:00,0
2023-01-26 09:20:00,465
2023-01-26 09:40:00,797
2023-01-26 10:00:00,867
2023-01-26 10:20:00,891
2023-01-26 10:40:00,1521
2023-01-26 11:00:00,1361
2023-01-26 11:20:00,1626
2023-01-26 11:40:00,2674
2023-01-26 12:00:00,3090
2023-01-26 12:20:00,3536
2023-01-26 12:40:00,4056
2023-01-26 13:00:00,4053
2023-01-26 13:20:00,5043
2023-01-26 13:40:00,4497
2023-01-26 14:00:00,3989
2023-01-26 14:20:00,3376
2023-01-26 14:40:00,2839
2023-01-26 15:00:00,2298
2023-01-26 15:20:00,1520
2023-01-26 15:40:00,1794
2023-01-26 16:00:00,901
2023-01-26 16:20:00,402
2023-01-26 16:40:00,21.7
2023-01-26 17:00:00,0
2023-01-26 17:20:00,0
2023-01-26 17:40:00,0
2023-01-26 18:00:00,0
2023-01-26 18:20:00,0
2023-01-26 18:40:00,0
2023-01-26 19:00:00,0
2023-01-26 19:20:00,0
2023-01-26 19:40:00,0
2023-01-26 20:00:00,0
2023-01-26 20:20:00,0
2023-01-26 20:40:00,0
2023-01-26 21:00:00,0
2023-01-26 21:20:00,0
2023-01-26 21:40:00,0
2023-01-26 22:00:00,0
2023-01-26 22:20:00,0
2023-01-26 22:40:00,0
2023-01-26 23:00:00,0
2023-01-26 23:20:00,0
2023-01-26 23:40:00,0
2023-01-27 00:00:00,0
2023-01-27 00:20:00,0
2023-01-27 00:40:00,0
2023-01-27 01:00:00,0
2023-01-27 01:20:00,0
2023-01-27 01:40:00,0
2023-01-27 02:00:00,0
2023-01-27 02:20:00,0
2023-01-27 02:40:00,0
2023-01-27 03:00:00,0
2023-01-27 03:20:00,0
2023-01-27 03:40:00,0
2023-01-27 04:00:00,0
2023-01-27 06:00:00,0
2023-01-27 06:20:00,0
2023-01-27 06:40:00,0
2023-01-27 07:00:00,0
2023-01-27 07:20:00,0
2023-01-27 07:40:00,0
2023-01-27 08:00:00,0
2023-01-27 08:20:00,13.5
2023-01-27 08:40:00,640
2023-01-27 09:00:00,731
2023-01-27 09:20:00,249
2023-01-27 09:40:00,2588
2023-01-27 10:00:00,4035
2023-01-27 10:20:00,5316
2023-01-27 10:40:00,5388
2023-01-27 11:00:00,4996
2023-01-27 11:20:00,5225
2023-01-27 11:40:00,4638
2023-01-27 12:00:00,5149
2023-01-27 12:20:00,4850
2023-01-27 12:40:00,3912
2023-01-27 13:00:00,4354
2023-01-27 13:20:00,4871
2023-01-27 13:40:00,5009
2023-01-27 14:00:00,4004
2023-01-27 14:20:00,2845
2023-01-27 14:40:00,3287
2023-01-27 15:00:00,3047
2023-01-27 15:20:00,2363
2023-01-27 15:40:00,2853
2023-01-27 16:00:00,1238
2023-01-27 16:20:00,2298
2023-01-27 16:40:00,1624
2023-01-27 17:00:00,120
2023-01-27 17:20:00,0
2023-01-27 17:40:00,0
2023-01-27 18:00:00,0
2023-01-27 18:20:00,0
2023-01-27 18:40:00,0
2023-01-27 19:00:00,0
2023-01-27 19:20:00,0
2023-01-27 19:40:00,0
2023-01-27 20:00:00,0
2023-01-27 20:20:00,0
2023-01-27 20:40:00,0
2023-01-27 21:00:00,0
2023-01-27 21:20:00,0
2023-01-27 21:40:00,0
2023-01-27 22:00:00,0
2023-01-27 22:20:00,0
2023-01-27 22:40:00,0
2023-01-27 23:00:00,0
2023-01-27 23:20:00,0
2023-01-27 23:40:00,0
2023-01-28 00:00:00,0
2023-01-28 00:20:00,0
2023-01-28 00:40:00,0
2023-01-28 01:00:00,0
2023-01-28 01:20:00,0
2023-01-28 01:40:00,0
2023-01-28 02:00:00,0
2023-01-28 02:20:00,0
2023-01-28 02:40:00,0
2023-01-28 03:00:00,0
2023-01-28 03:20:00,0
2023-01-28 03:40:00,0
2023-01-28 04:00:00,0
2023-01-28 04:20:00,0
2023-01-28 04:40:00,0
2023-01-28 05:00:00,0
2023-01-28 05:20:00,0
2023-01-28 05:40:00,0
2023-01-28 06:00:00,0
2023-01-28 06:20:00,0
2023-01-28 06:40:00,0
2023-01-28 07:00:00,0
2023-01-28 07:20:00,0
2023-01-28 07:40:00,0
2023-01-28 08:00:00,0
2023-01-28 08:20:00,0
2023-01-28 08:40:00,0
2023-01-28 09:00:00,0
2023-01-28 09:20:00,868
2023-01-28 09:40:00,1851
2023-01-28 10:00:00,3935
2023-01-28 10:20:00,4360
2023-01-28 10:40:00,4057
2023-01-28 11:00:00,2416
2023-01-28 11:20:00,2369
2023-01-28 11:40:00,4088
2023-01-28 12:00:00,4552
2023-01-28 12:20:00,4418
2023-01-28 12:40:00,3309
2023-01-28 13:00:00,3593
2023-01-28 13:20:00,3877
2023-01-28 13:40:00,3223
2023-01-28 14:00:00,3193
2023-01-28 14:20:00,4562
2023-01-28 14:40:00,3613
2023-01-28 15:00:00,1872
2023-01-28 15:20:00,465
2023-01-28 15:40:00,364
2023-01-28 16:00:00,232
2023-01-28 16:20:00,45.0
2023-01-28 16:40:00,0
2023-01-28 17:00:00,0
2023-01-28 17:20:00,0
2023-01-28 17:40:00,0
2023-01-28 18:00:00,0
2023-01-28 18:20:00,0
2023-01-28 18:40:00,0
2023-01-28 19:00:00,0
2023-01-28 19:20:00,0
2023-01-28 19:40:00,0
2023-01-28 20:00:00,0
2023-01-28 20:20:00,0
2023-01-28 20:40:00,0
2023-01-28 21:00:00,0
2023-01-28 21:20:00,0
2023-01-28 21:40:00,0
2023-01-28 22:00:00,0
2023-01-28 22:20:00,0
2023-01-28 22:40:00,0
2023-01-28 23:00:00,0
2023-01-28 23:20:00,0
2023-01-28 23:40:00,0
2023-01-29 00:00:00,0
2023-01-29 00:20:00,0
2023-01-29 00:40:00,0
2023-01-29 01:00:00,0
2023-01-29 01:20:00,0
2023-01-29 01:40:00,0
2023-01-29 02:00:00,0
2023-01-29 02:20:00,0
2023-01-29 02:40:00,0
2023-01-29 03:00:00,0
2023-01-29 03:20:00,0
2023-01-29 03:40:00,0
2023-01-29 04:00:00,0
2023-01-29 04:20:00,0
2023-01-29 04:40:00,0
2023-01-29 05:00:00,0
2023-01-29 05:20:00,0
2023-01-29 05:40:00,0
2023-01-29 06:00:00,0
2023-01-29 06:20:00,0
2023-01-29 06:40:00,0
2023-01-29 07:00:00,0
2023-01-29 07:20:00,0
2023-01-29 07:40:00,0
2023-01-29 08:00:00,0
2023-01-29 08:20:00,1129
2023-01-29 08:40:00,1714
2023-01-29 09:00:00,2061
2023-01-29 09:20:00,3914
2023-01-29 09:40:00,5888
2023-01-29 10:00:00,7655
2023-01-29 10:20:00,10782
2023-01-29 10:40:00,14830
2023-01-29 11:00:00,11953
2023-01-29 11:20:00,12173
2023-01-29 11:40:00,10630
2023-01-29 12:00:00,13064
2023-01-29 12:20:00,13960
2023-01-29 12:40:00,17257
2023-01-29 13:00:00,20409
2023-01-29 13:20:00,17652
2023-01-29 13:40:00,17084
2023-01-29 14:00:00,15707
2023-01-29 14:20:00,12373
2023-01-29 14:40:00,8829
2023-01-29 15:00:00,10179
2023-01-29 15:20:00,6078
2023-01-29 15:40:00,4175
2023-01-29 16:00:00,3921
2023-01-29 16:20:00,2419
2023-01-29 16:40:00,1071
2023-01-29 17:00:00,112
2023-01-29 17:20:00,0
2023-01-29 17:40:00,0
2023-01-29 18:00:00,0
2023-01-29 18:20:00,0
2023-01-29 18:40:00,0
2023-01-29 19:00:00,0
2023-01-29 19:20:00,0
2023-01-29 19:40:00,0
2023-01-29 20:00:00,0
2023-01-29 20:20:00,0
2023-01-29 20:40:00,0
2023-01-29 21:00:00,0
2023-01-29 21:20:00,0
2023-01-29 21:40:00,0
2023-01-29 22:00:00,0
2023-01-29 22:20:00,0
2023-01-29 22:40:00,0
2023-01-29 23:00:00,0
2023-01-29 23:20:00,0
2023-01-29 23:40:00,0
2023-01-30 00:00:00,0
2023-01-30 00:20:00,0
2023-01-30 00:40:00,0
2023-01-30 01:00:00,0
2023-01-30 01:20:00,0
2023-01-30 01:40:00,0
2023-01-30 02:00:00,0
2023-01-30 02:20:00,0
2023-01-30 02:40:00,0
2023-01-30 03:00:00,0
2023-01-30 03:20:00,0
2023-01-30 03:40:00,0
2023-01-30 04:00:00,0
2023-01-30 04:20:00,0
2023-01-30 04:40:00,0
2023-01-30 05:00:00,0
2023-01-30 05:20:00,0
2023-01-30 05:40:00,0
2023-01-30 06:00:00,0
2023-01-30 06:20:00,0
2023-01-30 06:40:00,0
2023-01-30 07:00:00,0
2023-01-30 07:20:00,0
2023-01-30 07:40:00,0
2023-01-30 08:00:00,0
2023-01-30 08:20:00,0.924
2023-01-30 08:40:00,2202
2023-01-30 09:00:00,1834
2023-01-30 09:20:00,2070
2023-01-30 09:40:00,2043
2023-01-30 10:00:00,2898
2023-01-30 10:20:00,2828
2023-01-30 10:40:00,3606
2023-01-30 11:00:00,5457
2023-01-30 11:20:00,5452
2023-01-30 11:40:00,5311
2023-01-30 12:00:00,4130
2023-01-30 12:20:00,4949
2023-01-30 12:40:00,5273
2023-01-30 13:00:00,5067
2023-01-30 13:20:00,3204
2023-01-30 13:40:00,3728
2023-01-30 14:00:00,3205
2023-01-30 14:20:00,4063
2023-01-30 14:40:00,2191
2023-01-30 15:00:00,4339
2023-01-30 15:20:00,5510
2023-01-30 15:40:00,3264
2023-01-30 16:00:00,3184
2023-01-30 16:20:00,1958
2023-01-30 16:40:00,1277
2023-01-30 17:00:00,164
2023-01-30 17:20:00,0
2023-01-30 17:40:00,0
2023-01-30 18:00:00,0
2023-01-30 18:20:00,0
2023-01-30 18:40:00,0
2023-01-30 19:00:00,0
2023-01-30 19:20:00,0
2023-01-30 19:40:00,0
2023-01-30 20:00:00,0
2023-01-30 20:20:00,0
2023-01-30 20:40:00,0
2023-01-30 21:00:00,0
2023-01-30 21:20:00,0
2023-01-30 21:40:00,0
2023-01-30 22:00:00,0
2023-01-30 22:20:00,0
2023-01-30 22:40:00,0
2023-01-30 23:00:00,0
2023-01-30 23:20:00,0
2023-01-30 23:40:00,0
2023-01-31 00:00:00,0
2023-01-31 00:20:00,0
2023-01-31 00:40:00,0
2023-01-31 01:00:00,0
2023-01-31 01:20:00,0
2023-01-31 01:40:00,0
2023-01-31 02:00:00,0
2023-01-31 02:20:00,0
2023-01-31 02:40:00,0
2023-01-31 03:00:00,0
2023-01-31 03:20:00,0
2023-01-31 03:40:00,0
2023-01-31 04:00:00,0
2023-01-31 04:20:00,0
2023-01-31 04:40:00,0
2023-01-31 05:00:00,0
2023-01-31 05:20:00,0
2023-01-31 05:40:00,0
2023-01-31 06:00:00,0
2023-01-31 06:20:00,0
2023-01-31 06:40:00,0
2023-01-31 07:00:00,0
2023-01-31 07:20:00,0
2023-01-31 07:40:00,0
2023-01-31 08:00:00,0
2023-01-31 08:20:00,530
2023-01-31 08:40:00,2016
2023-01-31 09:00:00,4821
2023-01-31 09:20:00,4044
2023-01-31 09:40:00,9129
2023-01-31 10:00:00,5063
2023-01-31 10:20:00,4668
2023-01-31 10:40:00,5424
2023-01-31 11:00:00,8713
2023-01-31 11:20:00,12204
2023-01-31 11:40:00,18819
2023-01-31 12:00:00,11753
2023-01-31 12:20:00,7124
2023-01-31 12:40:00,4975
2023-01-31 13:00:00,5283
2023-01-31 13:20:00,5606
2023-01-31 13:40:00,3902
2023-01-31 14:00:00,4188
2023-01-31 14:20:00,3204
2023-01-31 14:40:00,2457
2023-01-31 15:00:00,4286
2023-01-31 15:20:00,2125
2023-01-31 15:40:00,1697
2023-01-31 16:00:00,1501
2023-01-31 16:20:00,709
2023-01-31 16:40:00,47.5
2023-01-31 17:00:00,0
2023-01-31 17:20:00,0
2023-01-31 17:40:00,0
2023-01-31 18:00:00,0
2023-01-31 18:20:00,0
2023-01-31 18:40:00,0
2023-01-31 19:00:00,0
2023-01-31 19:20:00,0
2023-01-31 19:40:00,0
2023-01-31 20:00:00,0
2023-01-31 20:20:00,0
2023-01-31 20:40:00,0
2023-01-31 21:00:00,0
2023-01-31 21:20:00,0
2023-01-31 21:40:00,0
2023-01-31 22:00:00,0
2023-01-31 22:20:00,0
2023-01-31 22:40:00,0
2023-01-31 23:00:00,0
2023-01-31 23:20:00,0
2023-01-31 23:40:00,0

